<?xml version="1.0" encoding="UTF-8"?>
<metadata>
  <identifier>POPSAKAL775</identifier>
  <uploader>myduck666@ya.ru</uploader>
  <addeddate>2015-06-17 18:03:38.739591</addeddate>
  <scanner>FTP</scanner>
  <curation>[curator]validator@archive.org[/curator][date]20150617180345[/date][comment]checked for malware[/comment]</curation>
  <title>ГЕГЕМОНИЯ СПИДА - РЕКТАЛЬНЫЙ ТЕХНОФАШИЗМ (2015)</title>
  <creator>ГЕГЕМОНИЯ СПИДА</creator>
  <mediatype>audio</mediatype>
  <collection>popsakal-records</collection>
  <description>1.ТЫ ЗАРАЗИЛАСЬ НЕЙРОСИФИЛИСОМ ОТ ДИЛДО ИЗ ПОМОЙКИ
2.ЕБЛЯ ЧЕРЕЗ РОГОВИЦУ
3.ХУЙ ПОГРУЗИЛСЯ В АНАЛЬНЫЙ МРАК</description>
  <date>2015</date>
  <year>2015</year>
  <subject>harsh noise; experimental</subject>
  <collection>netlabels</collection>
  <publicdate>2015-06-17 18:11:04</publicdate>
  <backup_location>ia905307_3</backup_location>
</metadata>
