<?xml version="1.0" encoding="UTF-8"?>
<files>
  <file name="1.TY_ZARAZILAS_NEJROSIFILISOM_OT_DILDO_IZ_POMOJKI.afpk" source="derivative">
    <format>Columbia Peaks</format>
    <original>1.TY_ZARAZILAS_NEJROSIFILISOM_OT_DILDO_IZ_POMOJKI.mp3</original>
    <mtime>1434564615</mtime>
    <size>12464</size>
    <md5>dd2a0d0a90e471f89580cc204ffdee1b</md5>
    <crc32>f8ef0534</crc32>
    <sha1>884c56cfbb78571abee901f402c97cffac2659f9</sha1>
  </file>
  <file name="1.TY_ZARAZILAS_NEJROSIFILISOM_OT_DILDO_IZ_POMOJKI.mp3" source="original">
    <format>VBR MP3</format>
    <length>43.26</length>
    <height>0</height>
    <width>0</width>
    <mtime>1434563742</mtime>
    <size>521594</size>
    <md5>68ab0f54bde47116c1a5e070e2fcda09</md5>
    <crc32>82a99d23</crc32>
    <sha1>25a9be0301252c7d0d44c108561a94dd54fea019</sha1>
    <genre>Noise</genre>
    <track>1</track>
    <album>РЕКТАЛЬНЫЙ ТЕХНОФАШИЗМ</album>
    <artist>ГЕГЕМОНИЯ СПИДА</artist>
    <title>ТЫ ЗАРАЗИЛАСЬ НЕЙРОСИФИЛИСОМ ОТ ДИЛДО ИЗ ПОМОЙКИ</title>
    <external-identifier>urn:acoustid:37bf21da-7109-487a-b0b4-6a3e6d86ba89</external-identifier>
  </file>
  <file name="1.TY_ZARAZILAS_NEJROSIFILISOM_OT_DILDO_IZ_POMOJKI.ogg" source="derivative">
    <format>Ogg Vorbis</format>
    <original>1.TY_ZARAZILAS_NEJROSIFILISOM_OT_DILDO_IZ_POMOJKI.mp3</original>
    <mtime>1434564542</mtime>
    <size>466027</size>
    <md5>546c8c80a8ff4cdadf53079abe4e9a89</md5>
    <crc32>1a6be0c5</crc32>
    <sha1>453e9616521bcf44836e5fcecb8925fd46447185</sha1>
    <length>43.23</length>
    <height>0</height>
    <width>0</width>
  </file>
  <file name="1.TY_ZARAZILAS_NEJROSIFILISOM_OT_DILDO_IZ_POMOJKI.png" source="derivative">
    <format>PNG</format>
    <original>1.TY_ZARAZILAS_NEJROSIFILISOM_OT_DILDO_IZ_POMOJKI.mp3</original>
    <mtime>1434564552</mtime>
    <size>350</size>
    <md5>2f4ea71fd152ffdbd40277f6f35382d3</md5>
    <crc32>cb8b8e83</crc32>
    <sha1>a08cd78860bc113b273256a39a1cc9ad7d425039</sha1>
  </file>
  <file name="1.TY_ZARAZILAS_NEJROSIFILISOM_OT_DILDO_IZ_POMOJKI_esshigh.json.gz" source="derivative">
    <format>Essentia High GZ</format>
    <original>1.TY_ZARAZILAS_NEJROSIFILISOM_OT_DILDO_IZ_POMOJKI_esslow.json.gz</original>
    <mtime>1434564647</mtime>
    <size>2171</size>
    <md5>5fd335374dd478943471ce20828d1b30</md5>
    <crc32>900eac2e</crc32>
    <sha1>a4d2c82f008b9b917ee9c9668c317039031ce3c9</sha1>
  </file>
  <file name="1.TY_ZARAZILAS_NEJROSIFILISOM_OT_DILDO_IZ_POMOJKI_esslow.json.gz" source="derivative">
    <format>Essentia Low GZ</format>
    <original>1.TY_ZARAZILAS_NEJROSIFILISOM_OT_DILDO_IZ_POMOJKI.mp3</original>
    <mtime>1434564580</mtime>
    <size>21751</size>
    <md5>bffe18928499df0b70cc7055606ad4af</md5>
    <crc32>a23bff70</crc32>
    <sha1>691ff1e7a84945a0c8abb2b86301ed551d1b515a</sha1>
  </file>
  <file name="1.TY_ZARAZILAS_NEJROSIFILISOM_OT_DILDO_IZ_POMOJKI_spectrogram.png" source="derivative">
    <format>Spectrogram</format>
    <original>1.TY_ZARAZILAS_NEJROSIFILISOM_OT_DILDO_IZ_POMOJKI.mp3</original>
    <mtime>1434564564</mtime>
    <size>298618</size>
    <md5>dffdfe4fc9d097b9e3147931cd5278df</md5>
    <crc32>3a017c24</crc32>
    <sha1>99b246fb3852424f4ec91a883eeecb1fc5ee9cb5</sha1>
  </file>
  <file name="2.EBLIA_CHEREZ_ROGOVICU.afpk" source="derivative">
    <format>Columbia Peaks</format>
    <original>2.EBLIA_CHEREZ_ROGOVICU.mp3</original>
    <mtime>1434564604</mtime>
    <size>20784</size>
    <md5>37ed64d7dff850b130c3fce76dfc25d6</md5>
    <crc32>d670b43d</crc32>
    <sha1>30bf3d667cc3f577162d64ee1e0766e4b862e8da</sha1>
  </file>
  <file name="2.EBLIA_CHEREZ_ROGOVICU.mp3" source="original">
    <format>VBR MP3</format>
    <length>73.59</length>
    <height>0</height>
    <width>0</width>
    <mtime>1434563745</mtime>
    <size>885532</size>
    <md5>d8005beb3d99a946263c4289e651e2be</md5>
    <crc32>3b9e8c24</crc32>
    <sha1>602cd9d91dafd91f9bce7ef08cf65f40665e28a1</sha1>
    <genre>Noise</genre>
    <track>2</track>
    <album>РЕКТАЛЬНЫЙ ТЕХНОФАШИЗМ</album>
    <artist>ГЕГЕМОНИЯ СПИДА</artist>
    <title>ЕБЛЯ ЧЕРЕЗ РОГОВИЦУ</title>
    <external-identifier>urn:acoustid:eee6d06e-7bd3-41e6-bb38-2aff024be32b</external-identifier>
  </file>
  <file name="2.EBLIA_CHEREZ_ROGOVICU.ogg" source="derivative">
    <format>Ogg Vorbis</format>
    <original>2.EBLIA_CHEREZ_ROGOVICU.mp3</original>
    <mtime>1434564539</mtime>
    <size>786858</size>
    <md5>50053e237fc7dead8d7d4890919ad1ff</md5>
    <crc32>784c9dcf</crc32>
    <sha1>66e33e7955e4a3dc330cd0239fcee557e015774b</sha1>
    <length>73.56</length>
    <height>0</height>
    <width>0</width>
  </file>
  <file name="2.EBLIA_CHEREZ_ROGOVICU.png" source="derivative">
    <format>PNG</format>
    <original>2.EBLIA_CHEREZ_ROGOVICU.mp3</original>
    <mtime>1434564558</mtime>
    <size>350</size>
    <md5>4780b62a78ae82a5bce66d57db3a9b07</md5>
    <crc32>80f384dd</crc32>
    <sha1>6308ac75140ac635e4ab14647514ee0cec8be7c5</sha1>
  </file>
  <file name="2.EBLIA_CHEREZ_ROGOVICU_esshigh.json.gz" source="derivative">
    <format>Essentia High GZ</format>
    <original>2.EBLIA_CHEREZ_ROGOVICU_esslow.json.gz</original>
    <mtime>1434564642</mtime>
    <size>2059</size>
    <md5>8bd3ebcd9c60738da7abb80b43702774</md5>
    <crc32>2d3c4a36</crc32>
    <sha1>84b97d445b9da5056eff7bd574807f0fc587c419</sha1>
  </file>
  <file name="2.EBLIA_CHEREZ_ROGOVICU_esslow.json.gz" source="derivative">
    <format>Essentia Low GZ</format>
    <original>2.EBLIA_CHEREZ_ROGOVICU.mp3</original>
    <mtime>1434564589</mtime>
    <size>22022</size>
    <md5>61dc698ad635f125097c5fde8d834d5c</md5>
    <crc32>27561d7d</crc32>
    <sha1>1362abc2dcfeb6eb63714eb88abc17ff65ce066e</sha1>
  </file>
  <file name="2.EBLIA_CHEREZ_ROGOVICU_spectrogram.png" source="derivative">
    <format>Spectrogram</format>
    <original>2.EBLIA_CHEREZ_ROGOVICU.mp3</original>
    <mtime>1434564566</mtime>
    <size>292109</size>
    <md5>95ea1b373e43816c8721c6e9e85e3743</md5>
    <crc32>98bed9d7</crc32>
    <sha1>56f0f3b74b1e7c5e93ef62bbb7370c11c404e68d</sha1>
  </file>
  <file name="3.HUJ_POGRUZILSIA_V_ANALNYJ_MRAK.afpk" source="derivative">
    <format>Columbia Peaks</format>
    <original>3.HUJ_POGRUZILSIA_V_ANALNYJ_MRAK.mp3</original>
    <mtime>1434564594</mtime>
    <size>13688</size>
    <md5>cf0c06a12da343369dc9763468982f27</md5>
    <crc32>5852cbd3</crc32>
    <sha1>9db278794151911a589f77afdddc4f70a5686e1e</sha1>
  </file>
  <file name="3.HUJ_POGRUZILSIA_V_ANALNYJ_MRAK.mp3" source="original">
    <format>VBR MP3</format>
    <length>54.07</length>
    <height>0</height>
    <width>0</width>
    <mtime>1434563745</mtime>
    <size>651371</size>
    <md5>64af3411c4ddf79a138a970cf65a3da3</md5>
    <crc32>7a6902d8</crc32>
    <sha1>53db88440de42afbd8c17a88c596108a26f575d2</sha1>
    <genre>Noise</genre>
    <track>3</track>
    <album>РЕКТАЛЬНЫЙ ТЕХНОФАШИЗМ</album>
    <artist>ГЕГЕМОНИЯ СПИДА</artist>
    <title>ХУЙ ПОГРУЗИЛСЯ В АНАЛЬНЫЙ МРАК</title>
    <external-identifier>urn:acoustid:3123caaa-e3d2-4cb3-87d4-fa89c99b1876</external-identifier>
  </file>
  <file name="3.HUJ_POGRUZILSIA_V_ANALNYJ_MRAK.ogg" source="derivative">
    <format>Ogg Vorbis</format>
    <original>3.HUJ_POGRUZILSIA_V_ANALNYJ_MRAK.mp3</original>
    <mtime>1434564546</mtime>
    <size>614600</size>
    <md5>c351d2e19bce4e57dfa4b9d952e8dcbe</md5>
    <crc32>cdb40e8a</crc32>
    <sha1>a5fed605a7e50066184d2aeb9f1cc52456b400ec</sha1>
    <length>54.05</length>
    <height>0</height>
    <width>0</width>
  </file>
  <file name="3.HUJ_POGRUZILSIA_V_ANALNYJ_MRAK.png" source="derivative">
    <format>PNG</format>
    <original>3.HUJ_POGRUZILSIA_V_ANALNYJ_MRAK.mp3</original>
    <mtime>1434564562</mtime>
    <size>3432</size>
    <md5>facea7bde2441cd4e3af4f0890344f40</md5>
    <crc32>cbe3c659</crc32>
    <sha1>e0955d67658d1e6030881a0e5688262dfbb848e9</sha1>
  </file>
  <file name="3.HUJ_POGRUZILSIA_V_ANALNYJ_MRAK_esshigh.json.gz" source="derivative">
    <format>Essentia High GZ</format>
    <original>3.HUJ_POGRUZILSIA_V_ANALNYJ_MRAK_esslow.json.gz</original>
    <mtime>1434564637</mtime>
    <size>2099</size>
    <md5>59a6fa326d0e3ecc800a8eab0e4588ee</md5>
    <crc32>4989d79b</crc32>
    <sha1>030d7e36300453af0cba18fd698ba6a556105eed</sha1>
  </file>
  <file name="3.HUJ_POGRUZILSIA_V_ANALNYJ_MRAK_esslow.json.gz" source="derivative">
    <format>Essentia Low GZ</format>
    <original>3.HUJ_POGRUZILSIA_V_ANALNYJ_MRAK.mp3</original>
    <mtime>1434564574</mtime>
    <size>21935</size>
    <md5>8c4b9363bc9828a8b4d5ca42d9e3b73c</md5>
    <crc32>b25fb273</crc32>
    <sha1>00d6acabac79b924d1473fc95a8edf76e691ec3c</sha1>
  </file>
  <file name="3.HUJ_POGRUZILSIA_V_ANALNYJ_MRAK_spectrogram.png" source="derivative">
    <format>Spectrogram</format>
    <original>3.HUJ_POGRUZILSIA_V_ANALNYJ_MRAK.mp3</original>
    <mtime>1434564567</mtime>
    <size>293426</size>
    <md5>d887a71ff026bd5242a67733969f9b2d</md5>
    <crc32>aac2399d</crc32>
    <sha1>2e527eebfacc23e99136929c2e29dff6ce97f954</sha1>
  </file>
  <file name="POPSAKAL775_archive.torrent" source="metadata">
    <btih>89dd7ec93f33df352dc141eee2c9c9873a7c7647</btih>
    <mtime>1483351516</mtime>
    <size>5960</size>
    <md5>5a89195b82c368759aaa20b04ceb6f3d</md5>
    <crc32>6c287ad1</crc32>
    <sha1>875388f4b14d07c27add435afd5e7654bddaaef6</sha1>
    <format>Archive BitTorrent</format>
  </file>
  <file name="POPSAKAL775_files.xml" source="original">
    <format>Metadata</format>
    <md5>8c0ae9b481c0c679e356f54b170c5caf</md5>
  </file>
  <file name="POPSAKAL775_meta.xml" source="original">
    <format>Metadata</format>
    <mtime>1483351514</mtime>
    <size>1011</size>
    <md5>bdba1c117cb8236408a7157bf6bc34ca</md5>
    <crc32>0e6ad7a5</crc32>
    <sha1>78873b4ed5c2fcac11e26e5a966312ca185312b0</sha1>
  </file>
  <file name="cover.jpg" source="original">
    <format>JPEG</format>
    <rotation>0</rotation>
    <mtime>1434563743</mtime>
    <size>146353</size>
    <md5>789ab2fb8b84238559b4b8fe207f1c19</md5>
    <crc32>07333b1a</crc32>
    <sha1>40f707ced3f9288d7ca839bc3e766e8e650fcaf3</sha1>
  </file>
  <file name="cover_thumb.jpg" source="derivative">
    <format>JPEG Thumb</format>
    <original>cover.jpg</original>
    <mtime>1434564547</mtime>
    <size>10162</size>
    <md5>559211643b274743fc00482e123edf83</md5>
    <crc32>1ad9172f</crc32>
    <sha1>8820699e73de77cf050307efb7f4154d9772b34c</sha1>
  </file>
</files>
