<?xml version="1.0" encoding="UTF-8"?>
<metadata>
  <identifier>POPSAKAL953</identifier>
  <uploader>myduck666@ya.ru</uploader>
  <addeddate>2016-03-12 19:06:08</addeddate>
  <scanner>FTP</scanner>
  <curation>[curator]validator@archive.org[/curator][date]20160312191126[/date][comment]checked for malware[/comment]</curation>
  <title>ГЕГЕМОНИЯ СПИДА - КОНЦЕНТРАТ КИСЛОТНОЙ ЗАЛУПЫ (2016)</title>
  <creator>ГЕГЕМОНИЯ СПИДА</creator>
  <mediatype>audio</mediatype>
  <collection>popsakal-records</collection>
  <description>01 - СДОХНИ ОТ СПИДА ВАСЯ АТИЛОВ
02 - ПАША САЗОНКИН СЪЕЛ ГОВНО С ЦЕЗИЕМ И СДОХ НА СВОЙ ДЕНЬ РОЖДЕНИЯ ОТ РАКА ОЧКА
03 - САМОЛЁТ ВЗОРВАЛИ ТОЛЬКО РАДИ ТОГО ЧТОБЫ ВЫЕБАТЬ ГЛАВНОГО ПАССАЖИРА В ГЛАЗНИЦЫ
04 - ИИСУС БЫЛ ПИДОРАСОМ
05 - Я ВЗОРВАЛ ТВОЙ ДОМ МЕЖКОНТИНЕНТАЛЬНОЙ ЯДЕРНОЙ РАКЕТОЙ
06 - ВЕСЬ МИР ПРИСУНУЛ БАШАРУ АСАДУ ЗА ЩЁКУ
07 - Я НАДЕЮСЬ ЧТО ВРАГИ ИГИЛ СДОХНУТ ОТ БЕЛОГО ФОСФОРА
08 - ИСЛАМСКОЕ ГОСУДАРСТВО ОБОГНАЛО ПО УРОВНЮ ЖИЗНИ СРАНУЮ РАШКУ
09 - БОРИС ЕЛЬЦИН БЫЛ ОХУЕННЫМ СКИНОМ
10 - СЛАВА РЕДЖЕПУ ЭРДОГАНУ ЗА ТО ЧТО СБИЛ САМОЛЁТ ПИДОРАШЕК
11 - Пугачиха - старая мрась
12 - ПИЗДИ ДЕТДОМОВЦЕВ ИБО ОНИ НЕУГОДНЫ БОГУ
13 - ПЕНЕТРАЦИОННАЯ ДЕКОМПРЕССИЯ АНУСА
14 - Я НАЦЕПИЛ ДАЙВИНГИСТУ БАЛЛОН ЖИГУЛЯ ВМЕСТО КИСЛОРОДНОГО
15 - ЯДЕРНЫЙ МЕЖПРОСТРАНСТВЕННЫЙ САМОТЫК.mp3</description>
  <date>2016</date>
  <year>2016</year>
  <subject>harsh noise</subject>
  <collection>netlabels</collection>
  <publicdate>2016-03-12 19:20:49</publicdate>
  <backup_location>ia906101_32</backup_location>
</metadata>
