<?xml version="1.0" encoding="UTF-8"?>
<files>
  <file name="01_-_SDOHNI_OT_SPIDA_VASYA_ATILOV.afpk" source="derivative">
    <format>Columbia Peaks</format>
    <original>01_-_SDOHNI_OT_SPIDA_VASYA_ATILOV.mp3</original>
    <mtime>1457810154</mtime>
    <size>10200</size>
    <md5>e0183a39f4e603cbdb5b0f7332a2c9e0</md5>
    <crc32>05b7dd8a</crc32>
    <sha1>9047014fbf30a8bc81d55a370e0e3021e2f32c95</sha1>
  </file>
  <file name="01_-_SDOHNI_OT_SPIDA_VASYA_ATILOV.mp3" source="original">
    <format>VBR MP3</format>
    <length>34.12</length>
    <height>674</height>
    <width>678</width>
    <mtime>1457473449</mtime>
    <size>672536</size>
    <md5>d5b1e947018a2c311db73f207c420519</md5>
    <crc32>15574617</crc32>
    <sha1>65ff73d08bfa228f4f1e29655f30f6d85a209da7</sha1>
    <album>КОНЦЕНТРАТ КИСЛОТНОЙ ЗАЛУПЫ</album>
    <artist>ГЕГЕМОНИЯ СПИДА</artist>
    <genre>Noise</genre>
    <title>СДОХНИ ОТ СПИДА ВАСЯ АТИЛОВ</title>
    <track>1</track>
    <external-identifier>urn:acoustid:6efee879-a6a8-412f-9d99-aa0746d9ab49</external-identifier>
    <creator>ГЕГЕМОНИЯ СПИДА</creator>
  </file>
  <file name="01_-_SDOHNI_OT_SPIDA_VASYA_ATILOV.ogg" source="derivative">
    <format>Ogg Vorbis</format>
    <original>01_-_SDOHNI_OT_SPIDA_VASYA_ATILOV.mp3</original>
    <mtime>1457809904</mtime>
    <size>331285</size>
    <md5>2aa3b8376dbc6e2657b434e65cea928e</md5>
    <crc32>2c3faabf</crc32>
    <sha1>1dc5bb7d5cf36b5da47365877790ce5020d05341</sha1>
    <length>34.08</length>
    <height>0</height>
    <width>0</width>
  </file>
  <file name="01_-_SDOHNI_OT_SPIDA_VASYA_ATILOV.png" source="derivative">
    <format>PNG</format>
    <original>01_-_SDOHNI_OT_SPIDA_VASYA_ATILOV.mp3</original>
    <mtime>1457809943</mtime>
    <size>350</size>
    <md5>ece2deb93aff54b25078204d82556b75</md5>
    <crc32>cb379d97</crc32>
    <sha1>a984bfd6e204bd10970858b5aa849c6cc18e738f</sha1>
  </file>
  <file name="01_-_SDOHNI_OT_SPIDA_VASYA_ATILOV_esshigh.json.gz" source="derivative">
    <format>Essentia High GZ</format>
    <original>01_-_SDOHNI_OT_SPIDA_VASYA_ATILOV_esslow.json.gz</original>
    <mtime>1457810340</mtime>
    <size>2110</size>
    <md5>e74986a8cdf578631cfe4cd3993eefb2</md5>
    <crc32>fb8e88f0</crc32>
    <sha1>16f478e5a28242ccab555f07e017d71a56b6bb1e</sha1>
  </file>
  <file name="01_-_SDOHNI_OT_SPIDA_VASYA_ATILOV_esslow.json.gz" source="derivative">
    <format>Essentia Low GZ</format>
    <original>01_-_SDOHNI_OT_SPIDA_VASYA_ATILOV.mp3</original>
    <mtime>1457810054</mtime>
    <size>21479</size>
    <md5>e5479cbaf92860bd041d485c11965b50</md5>
    <crc32>515e20ed</crc32>
    <sha1>3df67d5f4d04e32084ac2b1919cbbf9c3e4f36c5</sha1>
  </file>
  <file name="01_-_SDOHNI_OT_SPIDA_VASYA_ATILOV_spectrogram.png" source="derivative">
    <format>Spectrogram</format>
    <original>01_-_SDOHNI_OT_SPIDA_VASYA_ATILOV.mp3</original>
    <mtime>1457810001</mtime>
    <size>288783</size>
    <md5>525975bb622903530d3f969c715345f8</md5>
    <crc32>e188c0cb</crc32>
    <sha1>0d39284809a925061b64cf95bdcb7f7a1883ae7a</sha1>
  </file>
  <file name="02_-_PASHA_SAZONKIN_SEL_GOVNO_S_TSEZIEM_I_SDOH_NA_SVOJ_DEN_ROZHDENIYA_OT_RAKA_OCHKA.afpk" source="derivative">
    <format>Columbia Peaks</format>
    <original>02_-_PASHA_SAZONKIN_SEL_GOVNO_S_TSEZIEM_I_SDOH_NA_SVOJ_DEN_ROZHDENIYA_OT_RAKA_OCHKA.mp3</original>
    <mtime>1457810181</mtime>
    <size>15800</size>
    <md5>81d3db75f395ecc58433d06f8defe5bf</md5>
    <crc32>31fb4d53</crc32>
    <sha1>448746b73eb26afa20125371bb330fba3fa30e92</sha1>
  </file>
  <file name="02_-_PASHA_SAZONKIN_SEL_GOVNO_S_TSEZIEM_I_SDOH_NA_SVOJ_DEN_ROZHDENIYA_OT_RAKA_OCHKA.mp3" source="original">
    <format>VBR MP3</format>
    <length>52.87</length>
    <height>674</height>
    <width>678</width>
    <mtime>1457473457</mtime>
    <size>791808</size>
    <md5>c14ed9bede44cbfb0ff12e65a7497d74</md5>
    <crc32>61dc55ec</crc32>
    <sha1>4daf47f8abd611c3c7abbc66264ecb87e583c595</sha1>
    <album>КОНЦЕНТРАТ КИСЛОТНОЙ ЗАЛУПЫ</album>
    <artist>ГЕГЕМОНИЯ СПИДА</artist>
    <genre>Noise</genre>
    <title>ПАША САЗОНКИН СЪЕЛ ГОВНО С ЦЕЗИЕМ И СДОХ НА СВОЙ ДЕНЬ РОЖДЕНИЯ ОТ РАКА ОЧКА</title>
    <track>2</track>
    <external-identifier>urn:acoustid:1f4015c2-f837-4450-9ec9-6482364404b1</external-identifier>
    <creator>ГЕГЕМОНИЯ СПИДА</creator>
  </file>
  <file name="02_-_PASHA_SAZONKIN_SEL_GOVNO_S_TSEZIEM_I_SDOH_NA_SVOJ_DEN_ROZHDENIYA_OT_RAKA_OCHKA.ogg" source="derivative">
    <format>Ogg Vorbis</format>
    <original>02_-_PASHA_SAZONKIN_SEL_GOVNO_S_TSEZIEM_I_SDOH_NA_SVOJ_DEN_ROZHDENIYA_OT_RAKA_OCHKA.mp3</original>
    <mtime>1457809931</mtime>
    <size>527104</size>
    <md5>b2ff565cef1fb562799395bb8b00a57c</md5>
    <crc32>043e65e0</crc32>
    <sha1>377111e78c6363fa6acb340c14c189c5b69abd25</sha1>
    <length>52.83</length>
    <height>0</height>
    <width>0</width>
  </file>
  <file name="02_-_PASHA_SAZONKIN_SEL_GOVNO_S_TSEZIEM_I_SDOH_NA_SVOJ_DEN_ROZHDENIYA_OT_RAKA_OCHKA.png" source="derivative">
    <format>PNG</format>
    <original>02_-_PASHA_SAZONKIN_SEL_GOVNO_S_TSEZIEM_I_SDOH_NA_SVOJ_DEN_ROZHDENIYA_OT_RAKA_OCHKA.mp3</original>
    <mtime>1457809992</mtime>
    <size>1090</size>
    <md5>cd44eb4c385f76a82f444373f1f5b34b</md5>
    <crc32>b2519339</crc32>
    <sha1>4a47bfa81b8ca309f09fe4a12f782cc66b5506c3</sha1>
  </file>
  <file name="02_-_PASHA_SAZONKIN_SEL_GOVNO_S_TSEZIEM_I_SDOH_NA_SVOJ_DEN_ROZHDENIYA_OT_RAKA_OCHKA_esshigh.json.gz" source="derivative">
    <format>Essentia High GZ</format>
    <original>02_-_PASHA_SAZONKIN_SEL_GOVNO_S_TSEZIEM_I_SDOH_NA_SVOJ_DEN_ROZHDENIYA_OT_RAKA_OCHKA_esslow.json.gz</original>
    <mtime>1457810318</mtime>
    <size>2162</size>
    <md5>40f379a034dc4eb37fa01bfafbd5aeea</md5>
    <crc32>b6cb458a</crc32>
    <sha1>a6fe64a92ab1eda229a0f19e3900f7052798e4f3</sha1>
  </file>
  <file name="02_-_PASHA_SAZONKIN_SEL_GOVNO_S_TSEZIEM_I_SDOH_NA_SVOJ_DEN_ROZHDENIYA_OT_RAKA_OCHKA_esslow.json.gz" source="derivative">
    <format>Essentia Low GZ</format>
    <original>02_-_PASHA_SAZONKIN_SEL_GOVNO_S_TSEZIEM_I_SDOH_NA_SVOJ_DEN_ROZHDENIYA_OT_RAKA_OCHKA.mp3</original>
    <mtime>1457810049</mtime>
    <size>21682</size>
    <md5>6630848994b29e10eb2712dae21f273e</md5>
    <crc32>8110091c</crc32>
    <sha1>58daa0d53ec7ff4ce064f90bb62d32b6f4c22ba0</sha1>
  </file>
  <file name="02_-_PASHA_SAZONKIN_SEL_GOVNO_S_TSEZIEM_I_SDOH_NA_SVOJ_DEN_ROZHDENIYA_OT_RAKA_OCHKA_spectrogram.png" source="derivative">
    <format>Spectrogram</format>
    <original>02_-_PASHA_SAZONKIN_SEL_GOVNO_S_TSEZIEM_I_SDOH_NA_SVOJ_DEN_ROZHDENIYA_OT_RAKA_OCHKA.mp3</original>
    <mtime>1457810011</mtime>
    <size>292413</size>
    <md5>4e95a1b0870bb0123c7eb4d0c6a86f6a</md5>
    <crc32>836471f9</crc32>
    <sha1>111d20b9cf446125982168954cf19f12be6a9839</sha1>
  </file>
  <file name="03_-_SAMOLET_VZORVALI_TOLKO_RADI_TOGO_CHTOBYI_VYIEBAT_GLAVNOGO_PASSAZHIRA_V_GLAZNITSYI.afpk" source="derivative">
    <format>Columbia Peaks</format>
    <original>03_-_SAMOLET_VZORVALI_TOLKO_RADI_TOGO_CHTOBYI_VYIEBAT_GLAVNOGO_PASSAZHIRA_V_GLAZNITSYI.mp3</original>
    <mtime>1457810175</mtime>
    <size>36080</size>
    <md5>6f2c306d4d24659a48359056d505eddf</md5>
    <crc32>abed676e</crc32>
    <sha1>f2c7c1bb1af0b558bb43584b3d23414cfc123afe</sha1>
  </file>
  <file name="03_-_SAMOLET_VZORVALI_TOLKO_RADI_TOGO_CHTOBYI_VYIEBAT_GLAVNOGO_PASSAZHIRA_V_GLAZNITSYI.mp3" source="original">
    <format>VBR MP3</format>
    <length>127.5</length>
    <height>674</height>
    <width>678</width>
    <mtime>1457473489</mtime>
    <size>1793189</size>
    <md5>aca02a13f187756079bd0f68037830a2</md5>
    <crc32>7e05e42c</crc32>
    <sha1>f887c2ff2207cb8833b9808586130dbe4ff18a2e</sha1>
    <album>КОНЦЕНТРАТ КИСЛОТНОЙ ЗАЛУПЫ</album>
    <artist>ГЕГЕМОНИЯ СПИДА</artist>
    <genre>Noise</genre>
    <title>САМОЛЁТ ВЗОРВАЛИ ТОЛЬКО РАДИ ТОГО ЧТОБЫ ВЫЕБАТЬ ГЛАВНОГО ПАССАЖИРА В ГЛАЗНИЦЫ</title>
    <track>3</track>
    <external-identifier>urn:acoustid:a511f1dd-a3c1-436c-a4cf-4119a1ac1e17</external-identifier>
    <creator>ГЕГЕМОНИЯ СПИДА</creator>
  </file>
  <file name="03_-_SAMOLET_VZORVALI_TOLKO_RADI_TOGO_CHTOBYI_VYIEBAT_GLAVNOGO_PASSAZHIRA_V_GLAZNITSYI.ogg" source="derivative">
    <format>Ogg Vorbis</format>
    <original>03_-_SAMOLET_VZORVALI_TOLKO_RADI_TOGO_CHTOBYI_VYIEBAT_GLAVNOGO_PASSAZHIRA_V_GLAZNITSYI.mp3</original>
    <mtime>1457809921</mtime>
    <size>1672897</size>
    <md5>6c628256d57b4d92f9467d785feb4ecb</md5>
    <crc32>6ef34181</crc32>
    <sha1>ce164f17fcecd4fde8da9c94e76850d5fc4d3a75</sha1>
    <length>127.46</length>
    <height>0</height>
    <width>0</width>
  </file>
  <file name="03_-_SAMOLET_VZORVALI_TOLKO_RADI_TOGO_CHTOBYI_VYIEBAT_GLAVNOGO_PASSAZHIRA_V_GLAZNITSYI.png" source="derivative">
    <format>PNG</format>
    <original>03_-_SAMOLET_VZORVALI_TOLKO_RADI_TOGO_CHTOBYI_VYIEBAT_GLAVNOGO_PASSAZHIRA_V_GLAZNITSYI.mp3</original>
    <mtime>1457809952</mtime>
    <size>1328</size>
    <md5>527277e1ff374c7ce8e428562766fec0</md5>
    <crc32>ff10815f</crc32>
    <sha1>1588d81ee2eea8c89c3accb6299fd5f4e279bd7b</sha1>
  </file>
  <file name="03_-_SAMOLET_VZORVALI_TOLKO_RADI_TOGO_CHTOBYI_VYIEBAT_GLAVNOGO_PASSAZHIRA_V_GLAZNITSYI_esshigh.json.gz" source="derivative">
    <format>Essentia High GZ</format>
    <original>03_-_SAMOLET_VZORVALI_TOLKO_RADI_TOGO_CHTOBYI_VYIEBAT_GLAVNOGO_PASSAZHIRA_V_GLAZNITSYI_esslow.json.gz</original>
    <mtime>1457810314</mtime>
    <size>2195</size>
    <md5>15ffdce7820755d0201cfa04f30b5574</md5>
    <crc32>168fa5ac</crc32>
    <sha1>2c86cc83a8ebda2a291f91f3c732faa280ed36a3</sha1>
  </file>
  <file name="03_-_SAMOLET_VZORVALI_TOLKO_RADI_TOGO_CHTOBYI_VYIEBAT_GLAVNOGO_PASSAZHIRA_V_GLAZNITSYI_esslow.json.gz" source="derivative">
    <format>Essentia Low GZ</format>
    <original>03_-_SAMOLET_VZORVALI_TOLKO_RADI_TOGO_CHTOBYI_VYIEBAT_GLAVNOGO_PASSAZHIRA_V_GLAZNITSYI.mp3</original>
    <mtime>1457810031</mtime>
    <size>22687</size>
    <md5>c93dcb736a7540ea4c58dc362f80cbcb</md5>
    <crc32>7bf7f13d</crc32>
    <sha1>bea590c144b2e5cde6ffa8ff64523888c47ea233</sha1>
  </file>
  <file name="03_-_SAMOLET_VZORVALI_TOLKO_RADI_TOGO_CHTOBYI_VYIEBAT_GLAVNOGO_PASSAZHIRA_V_GLAZNITSYI_spectrogram.png" source="derivative">
    <format>Spectrogram</format>
    <original>03_-_SAMOLET_VZORVALI_TOLKO_RADI_TOGO_CHTOBYI_VYIEBAT_GLAVNOGO_PASSAZHIRA_V_GLAZNITSYI.mp3</original>
    <mtime>1457810004</mtime>
    <size>306499</size>
    <md5>791714acacd6d2be82effc49ac314960</md5>
    <crc32>5cc87c09</crc32>
    <sha1>b6ce1438e168ed3a3d27559ccb27f762331c8d11</sha1>
  </file>
  <file name="04_-_IISUS_BYIL_PIDORASOM.afpk" source="derivative">
    <format>Columbia Peaks</format>
    <original>04_-_IISUS_BYIL_PIDORASOM.mp3</original>
    <mtime>1457810160</mtime>
    <size>8584</size>
    <md5>62fe3556296485935e58639e0a6a870e</md5>
    <crc32>bd4a3c27</crc32>
    <sha1>0dfdac5163dff18a9d7e1afb20081c7fe41af5b3</sha1>
  </file>
  <file name="04_-_IISUS_BYIL_PIDORASOM.mp3" source="original">
    <format>VBR MP3</format>
    <length>31.71</length>
    <height>674</height>
    <width>678</width>
    <mtime>1457473459</mtime>
    <size>643581</size>
    <md5>85eb764d3cd12b24f8602a652c2995d3</md5>
    <crc32>f57d1cad</crc32>
    <sha1>5a55f2f594cb308a7fde8a60d5e1bdd54e4c70b7</sha1>
    <album>КОНЦЕНТРАТ КИСЛОТНОЙ ЗАЛУПЫ</album>
    <artist>ГЕГЕМОНИЯ СПИДА</artist>
    <genre>Noise</genre>
    <title>ИИСУС БЫЛ ПИДОРАСОМ</title>
    <track>4</track>
    <external-identifier>urn:acoustid:8fe8e240-0923-4a36-aead-526687316cdd</external-identifier>
    <creator>ГЕГЕМОНИЯ СПИДА</creator>
  </file>
  <file name="04_-_IISUS_BYIL_PIDORASOM.ogg" source="derivative">
    <format>Ogg Vorbis</format>
    <original>04_-_IISUS_BYIL_PIDORASOM.mp3</original>
    <mtime>1457809926</mtime>
    <size>430026</size>
    <md5>3e712a5caa8c8a41969e17040e9efcf0</md5>
    <crc32>0fa4f8d6</crc32>
    <sha1>d15acf986fa8a2ff2c55ca3e3430df9eebd88e14</sha1>
    <length>31.66</length>
    <height>0</height>
    <width>0</width>
  </file>
  <file name="04_-_IISUS_BYIL_PIDORASOM.png" source="derivative">
    <format>PNG</format>
    <original>04_-_IISUS_BYIL_PIDORASOM.mp3</original>
    <mtime>1457809977</mtime>
    <size>3918</size>
    <md5>f836fd172467a036a64892460ae5b7e9</md5>
    <crc32>faf39a59</crc32>
    <sha1>1d8be7f46d7a265c1ad802d01d358397128fdc4e</sha1>
  </file>
  <file name="04_-_IISUS_BYIL_PIDORASOM_esshigh.json.gz" source="derivative">
    <format>Essentia High GZ</format>
    <original>04_-_IISUS_BYIL_PIDORASOM_esslow.json.gz</original>
    <mtime>1457810322</mtime>
    <size>1996</size>
    <md5>915cc65e681536f42c4eea208d9c24a3</md5>
    <crc32>589bf0a4</crc32>
    <sha1>f31d8aa84bf3d3ad29b342f29d03e65c80badbad</sha1>
  </file>
  <file name="04_-_IISUS_BYIL_PIDORASOM_esslow.json.gz" source="derivative">
    <format>Essentia Low GZ</format>
    <original>04_-_IISUS_BYIL_PIDORASOM.mp3</original>
    <mtime>1457810065</mtime>
    <size>21300</size>
    <md5>ba5a54fd1235f952bb12f89c276e6fc7</md5>
    <crc32>f23208f2</crc32>
    <sha1>cea3e5f90e62a8c2867548b65f4e4d266477ccdd</sha1>
  </file>
  <file name="04_-_IISUS_BYIL_PIDORASOM_spectrogram.png" source="derivative">
    <format>Spectrogram</format>
    <original>04_-_IISUS_BYIL_PIDORASOM.mp3</original>
    <mtime>1457809998</mtime>
    <size>306840</size>
    <md5>91ce75425164dda4fbb938f24edb0656</md5>
    <crc32>fe68d0f6</crc32>
    <sha1>7af21d2eb06625b1f24a2b6e03836c975bcba58f</sha1>
  </file>
  <file name="05_-_YA_VZORVAL_TVOJ_DOM_MEZHKONTINENTALNOJ_YADERNOJ_RAKETOJ.afpk" source="derivative">
    <format>Columbia Peaks</format>
    <original>05_-_YA_VZORVAL_TVOJ_DOM_MEZHKONTINENTALNOJ_YADERNOJ_RAKETOJ.mp3</original>
    <mtime>1457810107</mtime>
    <size>10856</size>
    <md5>e6582e05efbfc4eec38f93761e6285eb</md5>
    <crc32>893c187f</crc32>
    <sha1>67cff99c20d137f63ccf59d579a84fd439ee3798</sha1>
  </file>
  <file name="05_-_YA_VZORVAL_TVOJ_DOM_MEZHKONTINENTALNOJ_YADERNOJ_RAKETOJ.mp3" source="original">
    <format>VBR MP3</format>
    <length>40.1</length>
    <height>674</height>
    <width>678</width>
    <mtime>1457473470</mtime>
    <size>664064</size>
    <md5>b605d51460d4de970c512f0aa0621fb0</md5>
    <crc32>758693c8</crc32>
    <sha1>9f7548c6e3529d3ff2d141c23c60438595f42fa2</sha1>
    <album>КОНЦЕНТРАТ КИСЛОТНОЙ ЗАЛУПЫ</album>
    <artist>ГЕГЕМОНИЯ СПИДА</artist>
    <genre>Noise</genre>
    <title>Я ВЗОРВАЛ ТВОЙ ДОМ МЕЖКОНТИНЕНТАЛЬНОЙ ЯДЕРНОЙ РАКЕТОЙ</title>
    <track>5</track>
    <external-identifier>urn:acoustid:faa9857a-4854-400c-8327-e0016b85bdbe</external-identifier>
    <creator>ГЕГЕМОНИЯ СПИДА</creator>
  </file>
  <file name="05_-_YA_VZORVAL_TVOJ_DOM_MEZHKONTINENTALNOJ_YADERNOJ_RAKETOJ.ogg" source="derivative">
    <format>Ogg Vorbis</format>
    <original>05_-_YA_VZORVAL_TVOJ_DOM_MEZHKONTINENTALNOJ_YADERNOJ_RAKETOJ.mp3</original>
    <mtime>1457809924</mtime>
    <size>658865</size>
    <md5>bcf8eb720b80836168c79ef49da19621</md5>
    <crc32>3d45b5c7</crc32>
    <sha1>00dd763524cd5a4a2c42739dafd86cf2a0932f09</sha1>
    <length>40.07</length>
    <height>0</height>
    <width>0</width>
  </file>
  <file name="05_-_YA_VZORVAL_TVOJ_DOM_MEZHKONTINENTALNOJ_YADERNOJ_RAKETOJ.png" source="derivative">
    <format>PNG</format>
    <original>05_-_YA_VZORVAL_TVOJ_DOM_MEZHKONTINENTALNOJ_YADERNOJ_RAKETOJ.mp3</original>
    <mtime>1457809963</mtime>
    <size>2078</size>
    <md5>6f0ffb4d6480caa139ba42789a192b68</md5>
    <crc32>8b98547e</crc32>
    <sha1>4ca4625e5c8f33749f808553a63ddfef77abf6ad</sha1>
  </file>
  <file name="05_-_YA_VZORVAL_TVOJ_DOM_MEZHKONTINENTALNOJ_YADERNOJ_RAKETOJ_esshigh.json.gz" source="derivative">
    <format>Essentia High GZ</format>
    <original>05_-_YA_VZORVAL_TVOJ_DOM_MEZHKONTINENTALNOJ_YADERNOJ_RAKETOJ_esslow.json.gz</original>
    <mtime>1457810327</mtime>
    <size>2127</size>
    <md5>43b5df28ebc66d30a603f71ba8324b36</md5>
    <crc32>9940500d</crc32>
    <sha1>7c4c6f4c999d3a3a39425f97a2b8378f73e7785e</sha1>
  </file>
  <file name="05_-_YA_VZORVAL_TVOJ_DOM_MEZHKONTINENTALNOJ_YADERNOJ_RAKETOJ_esslow.json.gz" source="derivative">
    <format>Essentia Low GZ</format>
    <original>05_-_YA_VZORVAL_TVOJ_DOM_MEZHKONTINENTALNOJ_YADERNOJ_RAKETOJ.mp3</original>
    <mtime>1457810043</mtime>
    <size>21332</size>
    <md5>c71ae3d727644009c1266b15c711d67a</md5>
    <crc32>718bec7a</crc32>
    <sha1>2d308f13f2220f2c3d80f7c221718fc9b40b258f</sha1>
  </file>
  <file name="05_-_YA_VZORVAL_TVOJ_DOM_MEZHKONTINENTALNOJ_YADERNOJ_RAKETOJ_spectrogram.png" source="derivative">
    <format>Spectrogram</format>
    <original>05_-_YA_VZORVAL_TVOJ_DOM_MEZHKONTINENTALNOJ_YADERNOJ_RAKETOJ.mp3</original>
    <mtime>1457810009</mtime>
    <size>310495</size>
    <md5>8222f5887aa85b762257274022dee241</md5>
    <crc32>cdc1ebc7</crc32>
    <sha1>63322147cdfbd775a40e25e88bad623d15d1f8fc</sha1>
  </file>
  <file name="06_-_VES_MIR_PRISUNUL_BASHARU_ASADU_ZA_SCHEKU.afpk" source="derivative">
    <format>Columbia Peaks</format>
    <original>06_-_VES_MIR_PRISUNUL_BASHARU_ASADU_ZA_SCHEKU.mp3</original>
    <mtime>1457810147</mtime>
    <size>2112</size>
    <md5>5a1790badcc48adb87dc1b442d490973</md5>
    <crc32>a676a526</crc32>
    <sha1>dcc6658c92f92b0e8a43955599e11a4fdf8adddb</sha1>
  </file>
  <file name="06_-_VES_MIR_PRISUNUL_BASHARU_ASADU_ZA_SCHEKU.mp3" source="original">
    <format>VBR MP3</format>
    <length>10.48</length>
    <height>674</height>
    <width>678</width>
    <mtime>1457473474</mtime>
    <size>367942</size>
    <md5>43d307f8a3b268cb956c466b38ee2a5b</md5>
    <crc32>980a7a6b</crc32>
    <sha1>5f72ce2f4f1bf86ce196b44c741d883b375f314f</sha1>
    <album>КОНЦЕНТРАТ КИСЛОТНОЙ ЗАЛУПЫ</album>
    <artist>ГЕГЕМОНИЯ СПИДА</artist>
    <genre>Noise</genre>
    <title>ВЕСЬ МИР ПРИСУНУЛ БАШАРУ АСАДУ ЗА ЩЁКУ</title>
    <track>6</track>
    <creator>ГЕГЕМОНИЯ СПИДА</creator>
  </file>
  <file name="06_-_VES_MIR_PRISUNUL_BASHARU_ASADU_ZA_SCHEKU.ogg" source="derivative">
    <format>Ogg Vorbis</format>
    <original>06_-_VES_MIR_PRISUNUL_BASHARU_ASADU_ZA_SCHEKU.mp3</original>
    <mtime>1457809894</mtime>
    <size>102765</size>
    <md5>109e902997e3d978cca833ecb9379455</md5>
    <crc32>6966ef38</crc32>
    <sha1>2ad28fa04730628ed2d0207870bdbaaa9b9c01a4</sha1>
    <length>10.43</length>
    <height>0</height>
    <width>0</width>
  </file>
  <file name="06_-_VES_MIR_PRISUNUL_BASHARU_ASADU_ZA_SCHEKU.png" source="derivative">
    <format>PNG</format>
    <original>06_-_VES_MIR_PRISUNUL_BASHARU_ASADU_ZA_SCHEKU.mp3</original>
    <mtime>1457809940</mtime>
    <size>350</size>
    <md5>268034da36c7e018ff59bd454a38d1f6</md5>
    <crc32>2a731e7b</crc32>
    <sha1>9134b67b97f4bf586af63fcd17b41c1eb3c3b3d8</sha1>
  </file>
  <file name="06_-_VES_MIR_PRISUNUL_BASHARU_ASADU_ZA_SCHEKU_esshigh.json.gz" source="derivative">
    <format>Essentia High GZ</format>
    <original>06_-_VES_MIR_PRISUNUL_BASHARU_ASADU_ZA_SCHEKU_esslow.json.gz</original>
    <mtime>1457810335</mtime>
    <size>2185</size>
    <md5>3dacf87a077dcff36d60b029d24e82d0</md5>
    <crc32>4a2bb112</crc32>
    <sha1>79de53172edb714c7f1e1e005cc3b149586dcc94</sha1>
  </file>
  <file name="06_-_VES_MIR_PRISUNUL_BASHARU_ASADU_ZA_SCHEKU_esslow.json.gz" source="derivative">
    <format>Essentia Low GZ</format>
    <original>06_-_VES_MIR_PRISUNUL_BASHARU_ASADU_ZA_SCHEKU.mp3</original>
    <mtime>1457810034</mtime>
    <size>21232</size>
    <md5>49feb39a81d55e4a6fc89bfef498b3f9</md5>
    <crc32>4a0e177c</crc32>
    <sha1>49979364e45e8d7f1d375396f7d5480c6c616b9f</sha1>
  </file>
  <file name="06_-_VES_MIR_PRISUNUL_BASHARU_ASADU_ZA_SCHEKU_spectrogram.png" source="derivative">
    <format>Spectrogram</format>
    <original>06_-_VES_MIR_PRISUNUL_BASHARU_ASADU_ZA_SCHEKU.mp3</original>
    <mtime>1457810002</mtime>
    <size>321914</size>
    <md5>a2e1bc4be8e2894721dcd7b4df9369ed</md5>
    <crc32>740e060d</crc32>
    <sha1>6449b1d12319e500059bf1f4cd2090bd90e94817</sha1>
  </file>
  <file name="07_-_YA_NADEYUS_CHTO_VRAGI_IGIL_SDOHNUT_OT_BELOGO_FOSFORA.afpk" source="derivative">
    <format>Columbia Peaks</format>
    <original>07_-_YA_NADEYUS_CHTO_VRAGI_IGIL_SDOHNUT_OT_BELOGO_FOSFORA.mp3</original>
    <mtime>1457810141</mtime>
    <size>7080</size>
    <md5>addef204aeaf2adb606ad4747a85bcee</md5>
    <crc32>cea2b5d4</crc32>
    <sha1>ad28a47ba10e64b6d1cddd5a6d46317ba808f758</sha1>
  </file>
  <file name="07_-_YA_NADEYUS_CHTO_VRAGI_IGIL_SDOHNUT_OT_BELOGO_FOSFORA.mp3" source="original">
    <format>VBR MP3</format>
    <length>22.1</length>
    <height>674</height>
    <width>678</width>
    <mtime>1457473472</mtime>
    <size>484035</size>
    <md5>3935e2159bb088c33510b2e160ee93cb</md5>
    <crc32>41db4947</crc32>
    <sha1>4a857d4282d65c516357ef302e863939f2a5283b</sha1>
    <album>КОНЦЕНТРАТ КИСЛОТНОЙ ЗАЛУПЫ</album>
    <artist>ГЕГЕМОНИЯ СПИДА</artist>
    <genre>Noise</genre>
    <title>Я НАДЕЮСЬ ЧТО ВРАГИ ИГИЛ СДОХНУТ ОТ БЕЛОГО ФОСФОРА</title>
    <track>7</track>
    <external-identifier>urn:acoustid:9df5a7f9-a4bb-4fb6-8c0c-989f0ac352c5</external-identifier>
    <creator>ГЕГЕМОНИЯ СПИДА</creator>
  </file>
  <file name="07_-_YA_NADEYUS_CHTO_VRAGI_IGIL_SDOHNUT_OT_BELOGO_FOSFORA.ogg" source="derivative">
    <format>Ogg Vorbis</format>
    <original>07_-_YA_NADEYUS_CHTO_VRAGI_IGIL_SDOHNUT_OT_BELOGO_FOSFORA.mp3</original>
    <mtime>1457809928</mtime>
    <size>312353</size>
    <md5>4b18c04379c28a7162e0d76e6737fad6</md5>
    <crc32>8fa10343</crc32>
    <sha1>07c3996d8b7d5e72beec3ddf0fa0e0b383bf3d1b</sha1>
    <length>22.06</length>
    <height>0</height>
    <width>0</width>
  </file>
  <file name="07_-_YA_NADEYUS_CHTO_VRAGI_IGIL_SDOHNUT_OT_BELOGO_FOSFORA.png" source="derivative">
    <format>PNG</format>
    <original>07_-_YA_NADEYUS_CHTO_VRAGI_IGIL_SDOHNUT_OT_BELOGO_FOSFORA.mp3</original>
    <mtime>1457809966</mtime>
    <size>1243</size>
    <md5>bb8274d505240c920c0c0738a5e88937</md5>
    <crc32>18902621</crc32>
    <sha1>dc0de41842f5a489360f38155619c6b9c1477dd2</sha1>
  </file>
  <file name="07_-_YA_NADEYUS_CHTO_VRAGI_IGIL_SDOHNUT_OT_BELOGO_FOSFORA_esshigh.json.gz" source="derivative">
    <format>Essentia High GZ</format>
    <original>07_-_YA_NADEYUS_CHTO_VRAGI_IGIL_SDOHNUT_OT_BELOGO_FOSFORA_esslow.json.gz</original>
    <mtime>1457810331</mtime>
    <size>2124</size>
    <md5>7cfa4f85e7a8769560a238676008e9b1</md5>
    <crc32>f476daf6</crc32>
    <sha1>e69a8aa708b1334101489c728e7d03966c82f935</sha1>
  </file>
  <file name="07_-_YA_NADEYUS_CHTO_VRAGI_IGIL_SDOHNUT_OT_BELOGO_FOSFORA_esslow.json.gz" source="derivative">
    <format>Essentia Low GZ</format>
    <original>07_-_YA_NADEYUS_CHTO_VRAGI_IGIL_SDOHNUT_OT_BELOGO_FOSFORA.mp3</original>
    <mtime>1457810019</mtime>
    <size>21503</size>
    <md5>51a09628a6da4e74e4f375b2380808a0</md5>
    <crc32>f5315cf5</crc32>
    <sha1>f7efbaa30953adf35d31e35967ff58855c04aea2</sha1>
  </file>
  <file name="07_-_YA_NADEYUS_CHTO_VRAGI_IGIL_SDOHNUT_OT_BELOGO_FOSFORA_spectrogram.png" source="derivative">
    <format>Spectrogram</format>
    <original>07_-_YA_NADEYUS_CHTO_VRAGI_IGIL_SDOHNUT_OT_BELOGO_FOSFORA.mp3</original>
    <mtime>1457810014</mtime>
    <size>305421</size>
    <md5>bfb991cfd60d88e5f44cd7f98a62d514</md5>
    <crc32>3a963814</crc32>
    <sha1>2523365369c129445674da04d9d091f04e5d5180</sha1>
  </file>
  <file name="08_-_ISLAMSKOE_GOSUDARSTVO_OBOGNALO_PO_UROVNYU_ZHIZNI_SRANUYU_RASHKU.afpk" source="derivative">
    <format>Columbia Peaks</format>
    <original>08_-_ISLAMSKOE_GOSUDARSTVO_OBOGNALO_PO_UROVNYU_ZHIZNI_SRANUYU_RASHKU.mp3</original>
    <mtime>1457810200</mtime>
    <size>14168</size>
    <md5>3086add68096cfaf5cc00b74207417ce</md5>
    <crc32>1dbc1c92</crc32>
    <sha1>23b61278eddcd9bf8849a125fe14610c50820c36</sha1>
  </file>
  <file name="08_-_ISLAMSKOE_GOSUDARSTVO_OBOGNALO_PO_UROVNYU_ZHIZNI_SRANUYU_RASHKU.mp3" source="original">
    <format>VBR MP3</format>
    <length>59.98</length>
    <height>674</height>
    <width>678</width>
    <mtime>1457473499</mtime>
    <size>862829</size>
    <md5>6e5f4db65b6e0490796ea532f1dd7684</md5>
    <crc32>cc8257f8</crc32>
    <sha1>f4ab41eaa7eb58f236794be167ac85c5e9605db4</sha1>
    <album>КОНЦЕНТРАТ КИСЛОТНОЙ ЗАЛУПЫ</album>
    <artist>ГЕГЕМОНИЯ СПИДА</artist>
    <genre>Noise</genre>
    <title>ИСЛАМСКОЕ ГОСУДАРСТВО ОБОГНАЛО ПО УРОВНЮ ЖИЗНИ СРАНУЮ РАШКУ</title>
    <track>8</track>
    <external-identifier>urn:acoustid:e2099157-e057-4560-af53-4c436681e82e</external-identifier>
    <creator>ГЕГЕМОНИЯ СПИДА</creator>
  </file>
  <file name="08_-_ISLAMSKOE_GOSUDARSTVO_OBOGNALO_PO_UROVNYU_ZHIZNI_SRANUYU_RASHKU.ogg" source="derivative">
    <format>Ogg Vorbis</format>
    <original>08_-_ISLAMSKOE_GOSUDARSTVO_OBOGNALO_PO_UROVNYU_ZHIZNI_SRANUYU_RASHKU.mp3</original>
    <mtime>1457809909</mtime>
    <size>761558</size>
    <md5>aa3b2a65854b67e0587a5e88a7f42c53</md5>
    <crc32>91ba240b</crc32>
    <sha1>6404faef4ec718094db72abba53f7c5e6e9c01c3</sha1>
    <length>59.93</length>
    <height>0</height>
    <width>0</width>
  </file>
  <file name="08_-_ISLAMSKOE_GOSUDARSTVO_OBOGNALO_PO_UROVNYU_ZHIZNI_SRANUYU_RASHKU.png" source="derivative">
    <format>PNG</format>
    <original>08_-_ISLAMSKOE_GOSUDARSTVO_OBOGNALO_PO_UROVNYU_ZHIZNI_SRANUYU_RASHKU.mp3</original>
    <mtime>1457809982</mtime>
    <size>3676</size>
    <md5>057832df4c9794a2d4f6306f4a0b5872</md5>
    <crc32>61693d3b</crc32>
    <sha1>25965c589dc4b681be872c1d89cb2ec68cbff156</sha1>
  </file>
  <file name="08_-_ISLAMSKOE_GOSUDARSTVO_OBOGNALO_PO_UROVNYU_ZHIZNI_SRANUYU_RASHKU_esshigh.json.gz" source="derivative">
    <format>Essentia High GZ</format>
    <original>08_-_ISLAMSKOE_GOSUDARSTVO_OBOGNALO_PO_UROVNYU_ZHIZNI_SRANUYU_RASHKU_esslow.json.gz</original>
    <mtime>1457810309</mtime>
    <size>2141</size>
    <md5>18a96175185143fc0f4cca09dfbbb502</md5>
    <crc32>e91010b5</crc32>
    <sha1>4d6c4f9fa490c3ca480689517cd81d1157385157</sha1>
  </file>
  <file name="08_-_ISLAMSKOE_GOSUDARSTVO_OBOGNALO_PO_UROVNYU_ZHIZNI_SRANUYU_RASHKU_esslow.json.gz" source="derivative">
    <format>Essentia Low GZ</format>
    <original>08_-_ISLAMSKOE_GOSUDARSTVO_OBOGNALO_PO_UROVNYU_ZHIZNI_SRANUYU_RASHKU.mp3</original>
    <mtime>1457810086</mtime>
    <size>21821</size>
    <md5>348db1e3ad91bc0127162d781d6b718f</md5>
    <crc32>2a8f240d</crc32>
    <sha1>85f4183b92802c47f8c7b35dc88a1d97ec4c8c5b</sha1>
  </file>
  <file name="08_-_ISLAMSKOE_GOSUDARSTVO_OBOGNALO_PO_UROVNYU_ZHIZNI_SRANUYU_RASHKU_spectrogram.png" source="derivative">
    <format>Spectrogram</format>
    <original>08_-_ISLAMSKOE_GOSUDARSTVO_OBOGNALO_PO_UROVNYU_ZHIZNI_SRANUYU_RASHKU.mp3</original>
    <mtime>1457810008</mtime>
    <size>315302</size>
    <md5>75003ed2260693c679b6c2f34a3e5414</md5>
    <crc32>b6c8769a</crc32>
    <sha1>f1108dda4993383b27090672df7bf002bc024ab4</sha1>
  </file>
  <file name="09_-_BORIS_ELTSIN_BYIL_OHUENNYIM_SKINOM.afpk" source="derivative">
    <format>Columbia Peaks</format>
    <original>09_-_BORIS_ELTSIN_BYIL_OHUENNYIM_SKINOM.mp3</original>
    <mtime>1457810114</mtime>
    <size>1136</size>
    <md5>e17e2b85669642a02e806e260ca5ec3f</md5>
    <crc32>28adb96a</crc32>
    <sha1>bc2df9a9329d58877ebd34af285153d178da6f65</sha1>
  </file>
  <file name="09_-_BORIS_ELTSIN_BYIL_OHUENNYIM_SKINOM.mp3" source="original">
    <format>VBR MP3</format>
    <length>6.03</length>
    <height>674</height>
    <width>678</width>
    <mtime>1457473485</mtime>
    <size>323346</size>
    <md5>c94897f655f3bab65a218471e00f358e</md5>
    <crc32>444276d4</crc32>
    <sha1>0039ed84e89ff733e3cddc154027e5483db73b5f</sha1>
    <album>КОНЦЕНТРАТ КИСЛОТНОЙ ЗАЛУПЫ</album>
    <artist>ГЕГЕМОНИЯ СПИДА</artist>
    <genre>Noise</genre>
    <title>БОРИС ЕЛЬЦИН БЫЛ ОХУЕННЫМ СКИНОМ</title>
    <track>9</track>
    <creator>ГЕГЕМОНИЯ СПИДА</creator>
  </file>
  <file name="09_-_BORIS_ELTSIN_BYIL_OHUENNYIM_SKINOM.ogg" source="derivative">
    <format>Ogg Vorbis</format>
    <original>09_-_BORIS_ELTSIN_BYIL_OHUENNYIM_SKINOM.mp3</original>
    <mtime>1457809906</mtime>
    <size>74713</size>
    <md5>68376ebea1ba82edb8ece7a19dca454a</md5>
    <crc32>b8d7588f</crc32>
    <sha1>93196cfcf0ba39e4fefbf0056cfee7ac289e156a</sha1>
    <length>6</length>
    <height>0</height>
    <width>0</width>
  </file>
  <file name="09_-_BORIS_ELTSIN_BYIL_OHUENNYIM_SKINOM.png" source="derivative">
    <format>PNG</format>
    <original>09_-_BORIS_ELTSIN_BYIL_OHUENNYIM_SKINOM.mp3</original>
    <mtime>1457809973</mtime>
    <size>2924</size>
    <md5>6a1b4a6f14e9337393f197c7e4c16aa7</md5>
    <crc32>b169364c</crc32>
    <sha1>a7b67ce140b8b492b841690be3e325ffb05ff4eb</sha1>
  </file>
  <file name="09_-_BORIS_ELTSIN_BYIL_OHUENNYIM_SKINOM_esshigh.json.gz" source="derivative">
    <format>Essentia High GZ</format>
    <original>09_-_BORIS_ELTSIN_BYIL_OHUENNYIM_SKINOM_esslow.json.gz</original>
    <mtime>1457810305</mtime>
    <size>2052</size>
    <md5>c464c553707764011ca96a527ffbbf45</md5>
    <crc32>8030d9f5</crc32>
    <sha1>337737b3e145aa7b8c1f5e4e6b0d5da3c1680279</sha1>
  </file>
  <file name="09_-_BORIS_ELTSIN_BYIL_OHUENNYIM_SKINOM_esslow.json.gz" source="derivative">
    <format>Essentia Low GZ</format>
    <original>09_-_BORIS_ELTSIN_BYIL_OHUENNYIM_SKINOM.mp3</original>
    <mtime>1457810035</mtime>
    <size>20950</size>
    <md5>545da02866f58fa5e306037f7d513d2b</md5>
    <crc32>41a9f3fa</crc32>
    <sha1>aebb0bab823b0938321d79bd6aa3624fc2fb053f</sha1>
  </file>
  <file name="09_-_BORIS_ELTSIN_BYIL_OHUENNYIM_SKINOM_spectrogram.png" source="derivative">
    <format>Spectrogram</format>
    <original>09_-_BORIS_ELTSIN_BYIL_OHUENNYIM_SKINOM.mp3</original>
    <mtime>1457810006</mtime>
    <size>329677</size>
    <md5>0942f753cd0ec318b44b9f1ceefb7f68</md5>
    <crc32>10b30f85</crc32>
    <sha1>92a26c3d70646f7f0902cd6d406e6224dc5aac90</sha1>
  </file>
  <file name="10_-_SLAVA_REDZHEPU_YERDOGANU_ZA_TO_CHTO_SBIL_SAMOLET_PIDORASHEK.afpk" source="derivative">
    <format>Columbia Peaks</format>
    <original>10_-_SLAVA_REDZHEPU_YERDOGANU_ZA_TO_CHTO_SBIL_SAMOLET_PIDORASHEK.mp3</original>
    <mtime>1457810121</mtime>
    <size>12912</size>
    <md5>b98bc259820d7db603a0b821e0b54357</md5>
    <crc32>6d1df131</crc32>
    <sha1>7b0e30bc0b90deecd45a831de544c817dc468234</sha1>
  </file>
  <file name="10_-_SLAVA_REDZHEPU_YERDOGANU_ZA_TO_CHTO_SBIL_SAMOLET_PIDORASHEK.mp3" source="original">
    <format>VBR MP3</format>
    <length>46.65</length>
    <height>674</height>
    <width>678</width>
    <mtime>1457473499</mtime>
    <size>729597</size>
    <md5>d2559f8bb4de21d425ee145d8be14a2a</md5>
    <crc32>931489bf</crc32>
    <sha1>bd60e75f9aef5a263b61e8b411d79fd1b6d4d9bb</sha1>
    <album>КОНЦЕНТРАТ КИСЛОТНОЙ ЗАЛУПЫ</album>
    <artist>ГЕГЕМОНИЯ СПИДА</artist>
    <genre>Noise</genre>
    <title>СЛАВА РЕДЖЕПУ ЭРДОГАНУ ЗА ТО ЧТО СБИЛ САМОЛЁТ ПИДОРАШЕК</title>
    <track>10</track>
    <external-identifier>urn:acoustid:40a179b9-b3ee-4716-8cbb-e0cf85846879</external-identifier>
    <creator>ГЕГЕМОНИЯ СПИДА</creator>
  </file>
  <file name="10_-_SLAVA_REDZHEPU_YERDOGANU_ZA_TO_CHTO_SBIL_SAMOLET_PIDORASHEK.ogg" source="derivative">
    <format>Ogg Vorbis</format>
    <original>10_-_SLAVA_REDZHEPU_YERDOGANU_ZA_TO_CHTO_SBIL_SAMOLET_PIDORASHEK.mp3</original>
    <mtime>1457809897</mtime>
    <size>534128</size>
    <md5>56fa9e5932f79214e00ff0b476fb2cf0</md5>
    <crc32>f2002a36</crc32>
    <sha1>8675a7af144c907f0c5ea9a79fd9b94e09f92fd1</sha1>
    <length>46.6</length>
    <height>0</height>
    <width>0</width>
  </file>
  <file name="10_-_SLAVA_REDZHEPU_YERDOGANU_ZA_TO_CHTO_SBIL_SAMOLET_PIDORASHEK.png" source="derivative">
    <format>PNG</format>
    <original>10_-_SLAVA_REDZHEPU_YERDOGANU_ZA_TO_CHTO_SBIL_SAMOLET_PIDORASHEK.mp3</original>
    <mtime>1457809972</mtime>
    <size>4572</size>
    <md5>c0d3d1c0fdb84a14285bd863e19d75d4</md5>
    <crc32>a9bdaa45</crc32>
    <sha1>e914867d0265fb60e7e7fc323c8413ec5e98ca96</sha1>
  </file>
  <file name="10_-_SLAVA_REDZHEPU_YERDOGANU_ZA_TO_CHTO_SBIL_SAMOLET_PIDORASHEK_esshigh.json.gz" source="derivative">
    <format>Essentia High GZ</format>
    <original>10_-_SLAVA_REDZHEPU_YERDOGANU_ZA_TO_CHTO_SBIL_SAMOLET_PIDORASHEK_esslow.json.gz</original>
    <mtime>1457810284</mtime>
    <size>2132</size>
    <md5>7e3e11f31c8e8ef320fe1c9817247245</md5>
    <crc32>1bfa2711</crc32>
    <sha1>db3e1194485acd0bc58102be2d308265dcd96e42</sha1>
  </file>
  <file name="10_-_SLAVA_REDZHEPU_YERDOGANU_ZA_TO_CHTO_SBIL_SAMOLET_PIDORASHEK_esslow.json.gz" source="derivative">
    <format>Essentia Low GZ</format>
    <original>10_-_SLAVA_REDZHEPU_YERDOGANU_ZA_TO_CHTO_SBIL_SAMOLET_PIDORASHEK.mp3</original>
    <mtime>1457810059</mtime>
    <size>21365</size>
    <md5>78fd193d23f4fa7d54fcbef31e84fddf</md5>
    <crc32>c3af1d29</crc32>
    <sha1>61be7f4e3241b62bf2d6e3d38fa581a9c2180049</sha1>
  </file>
  <file name="10_-_SLAVA_REDZHEPU_YERDOGANU_ZA_TO_CHTO_SBIL_SAMOLET_PIDORASHEK_spectrogram.png" source="derivative">
    <format>Spectrogram</format>
    <original>10_-_SLAVA_REDZHEPU_YERDOGANU_ZA_TO_CHTO_SBIL_SAMOLET_PIDORASHEK.mp3</original>
    <mtime>1457810005</mtime>
    <size>280426</size>
    <md5>fca059c61a9257162ab292e2ad0480ac</md5>
    <crc32>4f793da1</crc32>
    <sha1>c2a2ee32dc22fb6543fc2bdf499ee28ff8f4b49f</sha1>
  </file>
  <file name="11_-_Pugachiha_-_staraya_mras.afpk" source="derivative">
    <format>Columbia Peaks</format>
    <original>11_-_Pugachiha_-_staraya_mras.mp3</original>
    <mtime>1457810135</mtime>
    <size>14512</size>
    <md5>34a8dd33b58ad0a990c648b49d8c9dd1</md5>
    <crc32>f14fb107</crc32>
    <sha1>9e5c68efee40a94c94d8df8a79306f07e13f4754</sha1>
  </file>
  <file name="11_-_Pugachiha_-_staraya_mras.mp3" source="original">
    <format>VBR MP3</format>
    <length>63.97</length>
    <height>674</height>
    <width>678</width>
    <mtime>1457473570</mtime>
    <size>2821573</size>
    <md5>0d88c552ba1bd626906e3aa0819a53e3</md5>
    <crc32>e5c0c811</crc32>
    <sha1>73b8e41d3d274d88acbb99aa34b1c537378ddd56</sha1>
    <album>КОНЦЕНТРАТ КИСЛОТНОЙ ЗАЛУПЫ</album>
    <artist>ГЕГЕМОНИЯ СПИДА</artist>
    <genre>Hip-Hop</genre>
    <title>Пугачиха - старая мрась</title>
    <track>11</track>
    <external-identifier>urn:acoustid:da935593-364d-4728-b78c-9ebc5e562dd9</external-identifier>
    <creator>ГЕГЕМОНИЯ СПИДА</creator>
  </file>
  <file name="11_-_Pugachiha_-_staraya_mras.ogg" source="derivative">
    <format>Ogg Vorbis</format>
    <original>11_-_Pugachiha_-_staraya_mras.mp3</original>
    <mtime>1457809902</mtime>
    <size>792217</size>
    <md5>fa7056bb466c9e80ff3c134c0cbc09f3</md5>
    <crc32>6f88f800</crc32>
    <sha1>3248551499ed19d87c18a3d35f8bd093eddab90f</sha1>
    <length>64.03</length>
    <height>0</height>
    <width>0</width>
  </file>
  <file name="11_-_Pugachiha_-_staraya_mras.png" source="derivative">
    <format>PNG</format>
    <original>11_-_Pugachiha_-_staraya_mras.mp3</original>
    <mtime>1457809968</mtime>
    <size>10469</size>
    <md5>07c2ad8b89ba6a65d9695e2125e2bfa1</md5>
    <crc32>cb1171d3</crc32>
    <sha1>8a575a7937af46f27bd56dde68d87111cebc5089</sha1>
  </file>
  <file name="11_-_Pugachiha_-_staraya_mras_esshigh.json.gz" source="derivative">
    <format>Essentia High GZ</format>
    <original>11_-_Pugachiha_-_staraya_mras_esslow.json.gz</original>
    <mtime>1457810279</mtime>
    <size>2022</size>
    <md5>290800e1e4fb3d8d52270333aa8a5152</md5>
    <crc32>f056c83b</crc32>
    <sha1>50942cf9b59a67b6f3a4520b213fa306b56e65f7</sha1>
  </file>
  <file name="11_-_Pugachiha_-_staraya_mras_esslow.json.gz" source="derivative">
    <format>Essentia Low GZ</format>
    <original>11_-_Pugachiha_-_staraya_mras.mp3</original>
    <mtime>1457810072</mtime>
    <size>21737</size>
    <md5>8522422cd457636dc73c8d3bbb43097b</md5>
    <crc32>8d1bbb1d</crc32>
    <sha1>297c161d309ad37146c10e19852080d535ac407e</sha1>
  </file>
  <file name="11_-_Pugachiha_-_staraya_mras_spectrogram.png" source="derivative">
    <format>Spectrogram</format>
    <original>11_-_Pugachiha_-_staraya_mras.mp3</original>
    <mtime>1457810000</mtime>
    <size>247836</size>
    <md5>1c477a6725bab1f969d4f9e9c3792373</md5>
    <crc32>ba5d3835</crc32>
    <sha1>e20ad26c3a2bce1faa42c4c87ddc6aa03ddc888f</sha1>
  </file>
  <file name="12_-_PIZDI_DETDOMOVTSEV_IBO_ONI_NEUGODNYI_BOGU.afpk" source="derivative">
    <format>Columbia Peaks</format>
    <original>12_-_PIZDI_DETDOMOVTSEV_IBO_ONI_NEUGODNYI_BOGU.mp3</original>
    <mtime>1457810128</mtime>
    <size>5712</size>
    <md5>38b8e95daf7f38b572d77a8906111998</md5>
    <crc32>b6f98cb1</crc32>
    <sha1>21ccc5abc4a11470068748093d81f68e20fb4e5a</sha1>
  </file>
  <file name="12_-_PIZDI_DETDOMOVTSEV_IBO_ONI_NEUGODNYI_BOGU.mp3" source="original">
    <format>VBR MP3</format>
    <length>25.99</length>
    <height>674</height>
    <width>678</width>
    <mtime>1457473508</mtime>
    <size>522937</size>
    <md5>f9f172b1fdf31b52657b9d8823264b30</md5>
    <crc32>b8b3d1b6</crc32>
    <sha1>7f2bbe3e2eabb6f912e738c4e03a6c41953873bd</sha1>
    <album>КОНЦЕНТРАТ КИСЛОТНОЙ ЗАЛУПЫ</album>
    <artist>ГЕГЕМОНИЯ СПИДА</artist>
    <genre>Noise</genre>
    <title>ПИЗДИ ДЕТДОМОВЦЕВ ИБО ОНИ НЕУГОДНЫ БОГУ</title>
    <track>12</track>
    <external-identifier>urn:acoustid:1b9470d3-4ac8-4041-8505-c7b4a2a5e089</external-identifier>
    <creator>ГЕГЕМОНИЯ СПИДА</creator>
  </file>
  <file name="12_-_PIZDI_DETDOMOVTSEV_IBO_ONI_NEUGODNYI_BOGU.ogg" source="derivative">
    <format>Ogg Vorbis</format>
    <original>12_-_PIZDI_DETDOMOVTSEV_IBO_ONI_NEUGODNYI_BOGU.mp3</original>
    <mtime>1457809899</mtime>
    <size>360838</size>
    <md5>f3048b50a51a730eecc1f8798aa10124</md5>
    <crc32>08af8ac0</crc32>
    <sha1>fb9b548e692d32e81b5c1eaa99c6ea9b51d15f21</sha1>
    <length>25.97</length>
    <height>0</height>
    <width>0</width>
  </file>
  <file name="12_-_PIZDI_DETDOMOVTSEV_IBO_ONI_NEUGODNYI_BOGU.png" source="derivative">
    <format>PNG</format>
    <original>12_-_PIZDI_DETDOMOVTSEV_IBO_ONI_NEUGODNYI_BOGU.mp3</original>
    <mtime>1457809995</mtime>
    <size>1104</size>
    <md5>24b7b4d0813fa08890afe72e76e6afef</md5>
    <crc32>01790752</crc32>
    <sha1>99fcc04b55833200be7246dec429c8d35b2a4cca</sha1>
  </file>
  <file name="12_-_PIZDI_DETDOMOVTSEV_IBO_ONI_NEUGODNYI_BOGU_esshigh.json.gz" source="derivative">
    <format>Essentia High GZ</format>
    <original>12_-_PIZDI_DETDOMOVTSEV_IBO_ONI_NEUGODNYI_BOGU_esslow.json.gz</original>
    <mtime>1457810288</mtime>
    <size>2086</size>
    <md5>677954ca4c971d9bf7479daba5299bc0</md5>
    <crc32>fa6bad2e</crc32>
    <sha1>8ee1488cb03d576bb18489cdfab8aad9618aae83</sha1>
  </file>
  <file name="12_-_PIZDI_DETDOMOVTSEV_IBO_ONI_NEUGODNYI_BOGU_esslow.json.gz" source="derivative">
    <format>Essentia Low GZ</format>
    <original>12_-_PIZDI_DETDOMOVTSEV_IBO_ONI_NEUGODNYI_BOGU.mp3</original>
    <mtime>1457810090</mtime>
    <size>21033</size>
    <md5>e87b3be962e4315642bb4f598389de27</md5>
    <crc32>21d15235</crc32>
    <sha1>55a8fbf7a1090ef3a1cfbe34a11ce0bb033730f5</sha1>
  </file>
  <file name="12_-_PIZDI_DETDOMOVTSEV_IBO_ONI_NEUGODNYI_BOGU_spectrogram.png" source="derivative">
    <format>Spectrogram</format>
    <original>12_-_PIZDI_DETDOMOVTSEV_IBO_ONI_NEUGODNYI_BOGU.mp3</original>
    <mtime>1457810015</mtime>
    <size>315303</size>
    <md5>1b5b7759450231b95f809aacc7c6cec6</md5>
    <crc32>3a2b67f6</crc32>
    <sha1>d839bdc2fd9358aab92cdf57653d6d5af6278a5a</sha1>
  </file>
  <file name="13_-_PENETRATSIONNAYA_DEKOMPRESSIYA_ANUSA.afpk" source="derivative">
    <format>Columbia Peaks</format>
    <original>13_-_PENETRATSIONNAYA_DEKOMPRESSIYA_ANUSA.mp3</original>
    <mtime>1457810188</mtime>
    <size>21712</size>
    <md5>33939d2da807ee4d21cf4774f85dd0c6</md5>
    <crc32>c866d4db</crc32>
    <sha1>81dff028eca26f7c3ec0979c3532e86868d1d6f0</sha1>
  </file>
  <file name="13_-_PENETRATSIONNAYA_DEKOMPRESSIYA_ANUSA.mp3" source="original">
    <format>VBR MP3</format>
    <length>66.24</length>
    <height>674</height>
    <width>678</width>
    <mtime>1457473516</mtime>
    <size>726287</size>
    <md5>fb4364f5558bbeee67f99ed4610da503</md5>
    <crc32>6360a131</crc32>
    <sha1>9df424c1e183f17ba99678dc6b858dcdb9547d57</sha1>
    <album>КОНЦЕНТРАТ КИСЛОТНОЙ ЗАЛУПЫ</album>
    <artist>ГЕГЕМОНИЯ СПИДА</artist>
    <genre>Noise</genre>
    <title>ПЕНЕТРАЦИОННАЯ ДЕКОМПРЕССИЯ АНУСА</title>
    <track>13</track>
    <external-identifier>urn:acoustid:adc6fa4d-75ca-4612-8809-ca3305cf4d8d</external-identifier>
    <creator>ГЕГЕМОНИЯ СПИДА</creator>
  </file>
  <file name="13_-_PENETRATSIONNAYA_DEKOMPRESSIYA_ANUSA.ogg" source="derivative">
    <format>Ogg Vorbis</format>
    <original>13_-_PENETRATSIONNAYA_DEKOMPRESSIYA_ANUSA.mp3</original>
    <mtime>1457809912</mtime>
    <size>700720</size>
    <md5>c635a93bcd9f94e705b5497498d0abf7</md5>
    <crc32>6f5a486b</crc32>
    <sha1>9d46495aad89fa6ee3bf23e56612ae869729499f</sha1>
    <length>66.22</length>
    <height>0</height>
    <width>0</width>
  </file>
  <file name="13_-_PENETRATSIONNAYA_DEKOMPRESSIYA_ANUSA.png" source="derivative">
    <format>PNG</format>
    <original>13_-_PENETRATSIONNAYA_DEKOMPRESSIYA_ANUSA.mp3</original>
    <mtime>1457809988</mtime>
    <size>350</size>
    <md5>a1112ee855f8ffd3a38d9b9183ae94bf</md5>
    <crc32>087ed3d1</crc32>
    <sha1>af4d762e2ce4bd6f66245e9715797b8308e864b5</sha1>
  </file>
  <file name="13_-_PENETRATSIONNAYA_DEKOMPRESSIYA_ANUSA_esshigh.json.gz" source="derivative">
    <format>Essentia High GZ</format>
    <original>13_-_PENETRATSIONNAYA_DEKOMPRESSIYA_ANUSA_esslow.json.gz</original>
    <mtime>1457810293</mtime>
    <size>2054</size>
    <md5>6aa35ade34e5d57f498637b44993dd17</md5>
    <crc32>ec921d85</crc32>
    <sha1>f25760814765ede4629d0123fcb5634c2833f282</sha1>
  </file>
  <file name="13_-_PENETRATSIONNAYA_DEKOMPRESSIYA_ANUSA_esslow.json.gz" source="derivative">
    <format>Essentia Low GZ</format>
    <original>13_-_PENETRATSIONNAYA_DEKOMPRESSIYA_ANUSA.mp3</original>
    <mtime>1457810079</mtime>
    <size>22039</size>
    <md5>c43159f0c284b6fb5126df126b74a20d</md5>
    <crc32>e8ea73e3</crc32>
    <sha1>2171cb0b2a787293bf343c6d3d7b0010aed35bf0</sha1>
  </file>
  <file name="13_-_PENETRATSIONNAYA_DEKOMPRESSIYA_ANUSA_spectrogram.png" source="derivative">
    <format>Spectrogram</format>
    <original>13_-_PENETRATSIONNAYA_DEKOMPRESSIYA_ANUSA.mp3</original>
    <mtime>1457810013</mtime>
    <size>275565</size>
    <md5>b9fcbbfb413be4915c612c3dfcb956ba</md5>
    <crc32>8ee64ed0</crc32>
    <sha1>c9b26575298d052a305719de980b3e9945c15428</sha1>
  </file>
  <file name="14_-_YA_NATSEPIL_DAJVINGISTU_BALLON_ZHIGULYA_VMESTO_KISLORODNOGO.afpk" source="derivative">
    <format>Columbia Peaks</format>
    <original>14_-_YA_NATSEPIL_DAJVINGISTU_BALLON_ZHIGULYA_VMESTO_KISLORODNOGO.mp3</original>
    <mtime>1457810167</mtime>
    <size>17536</size>
    <md5>a337a6bd7bc14ff9c866522748bccdff</md5>
    <crc32>42309020</crc32>
    <sha1>a79998c9473ca4644791748ccad4bc0263f188b6</sha1>
  </file>
  <file name="14_-_YA_NATSEPIL_DAJVINGISTU_BALLON_ZHIGULYA_VMESTO_KISLORODNOGO.mp3" source="original">
    <format>VBR MP3</format>
    <length>65.83</length>
    <height>674</height>
    <width>678</width>
    <mtime>1457473526</mtime>
    <size>723445</size>
    <md5>97e208165d0cb0fc44d997b9738305fb</md5>
    <crc32>72f72641</crc32>
    <sha1>aaaabf91655ef342d1a221dab231b14dcad01bb2</sha1>
    <album>КОНЦЕНТРАТ КИСЛОТНОЙ ЗАЛУПЫ</album>
    <artist>ГЕГЕМОНИЯ СПИДА</artist>
    <genre>Noise</genre>
    <title>Я НАЦЕПИЛ ДАЙВИНГИСТУ БАЛЛОН ЖИГУЛЯ ВМЕСТО КИСЛОРОДНОГО</title>
    <track>14</track>
    <external-identifier>urn:acoustid:9d91a2e6-ccd5-4986-bc64-af4a5607d7aa</external-identifier>
    <creator>ГЕГЕМОНИЯ СПИДА</creator>
  </file>
  <file name="14_-_YA_NATSEPIL_DAJVINGISTU_BALLON_ZHIGULYA_VMESTO_KISLORODNOGO.ogg" source="derivative">
    <format>Ogg Vorbis</format>
    <original>14_-_YA_NATSEPIL_DAJVINGISTU_BALLON_ZHIGULYA_VMESTO_KISLORODNOGO.mp3</original>
    <mtime>1457809916</mtime>
    <size>750366</size>
    <md5>25da4291296729436bf9725e44c439cb</md5>
    <crc32>67251e8c</crc32>
    <sha1>9f366d041c7b7402d401d919ebd1606a1c29bd20</sha1>
    <length>65.81</length>
    <height>0</height>
    <width>0</width>
  </file>
  <file name="14_-_YA_NATSEPIL_DAJVINGISTU_BALLON_ZHIGULYA_VMESTO_KISLORODNOGO.png" source="derivative">
    <format>PNG</format>
    <original>14_-_YA_NATSEPIL_DAJVINGISTU_BALLON_ZHIGULYA_VMESTO_KISLORODNOGO.mp3</original>
    <mtime>1457809959</mtime>
    <size>3132</size>
    <md5>515e16e18da818080e53225a229edd19</md5>
    <crc32>21a1c794</crc32>
    <sha1>309bea8fa0d5334849c468fd49aae8a394b4ca50</sha1>
  </file>
  <file name="14_-_YA_NATSEPIL_DAJVINGISTU_BALLON_ZHIGULYA_VMESTO_KISLORODNOGO_esshigh.json.gz" source="derivative">
    <format>Essentia High GZ</format>
    <original>14_-_YA_NATSEPIL_DAJVINGISTU_BALLON_ZHIGULYA_VMESTO_KISLORODNOGO_esslow.json.gz</original>
    <mtime>1457810301</mtime>
    <size>2153</size>
    <md5>4ff8fcb4acc6c44cab0562357126095f</md5>
    <crc32>b79d93d3</crc32>
    <sha1>1454743e9f58ac42bc760073bc45b5c9b0503164</sha1>
  </file>
  <file name="14_-_YA_NATSEPIL_DAJVINGISTU_BALLON_ZHIGULYA_VMESTO_KISLORODNOGO_esslow.json.gz" source="derivative">
    <format>Essentia Low GZ</format>
    <original>14_-_YA_NATSEPIL_DAJVINGISTU_BALLON_ZHIGULYA_VMESTO_KISLORODNOGO.mp3</original>
    <mtime>1457810102</mtime>
    <size>21682</size>
    <md5>8bf152c8cda2d55ca031ecd67acef9bf</md5>
    <crc32>791cf712</crc32>
    <sha1>75290932a4a663fac181aaa9017a52c74e1fde6d</sha1>
  </file>
  <file name="14_-_YA_NATSEPIL_DAJVINGISTU_BALLON_ZHIGULYA_VMESTO_KISLORODNOGO_spectrogram.png" source="derivative">
    <format>Spectrogram</format>
    <original>14_-_YA_NATSEPIL_DAJVINGISTU_BALLON_ZHIGULYA_VMESTO_KISLORODNOGO.mp3</original>
    <mtime>1457809996</mtime>
    <size>295092</size>
    <md5>ae61816394b0e4c2f3ac3bd37bcc442d</md5>
    <crc32>f3d30bb5</crc32>
    <sha1>e455a189940217bf45ca58801a61fd2fe1ad439d</sha1>
  </file>
  <file name="15_-_YADERNYIJ_MEZHPROSTRANSTVENNYIJ_SAMOTYIK.afpk" source="derivative">
    <format>Columbia Peaks</format>
    <original>15_-_YADERNYIJ_MEZHPROSTRANSTVENNYIJ_SAMOTYIK.mp3</original>
    <mtime>1457810193</mtime>
    <size>3824</size>
    <md5>635b497c0cf0c6c269092de263bfb099</md5>
    <crc32>6c0edd60</crc32>
    <sha1>617b40e17559458fee0db93c97cf74963b178d47</sha1>
  </file>
  <file name="15_-_YADERNYIJ_MEZHPROSTRANSTVENNYIJ_SAMOTYIK.mp3" source="original">
    <format>VBR MP3</format>
    <length>11.83</length>
    <height>674</height>
    <width>678</width>
    <mtime>1457473519</mtime>
    <size>345400</size>
    <md5>63ba359b87601a1f23d3100d67b9b365</md5>
    <crc32>5d0c4cf5</crc32>
    <sha1>6bcd292fca64c595dea5caeaf67996a2e4719d37</sha1>
    <album>КОНЦЕНТРАТ КИСЛОТНОЙ ЗАЛУПЫ</album>
    <artist>ГЕГЕМОНИЯ СПИДА</artist>
    <genre>Noise</genre>
    <title>ЯДЕРНЫЙ МЕЖПРОСТРАНСТВЕННЫЙ САМОТЫК</title>
    <track>15</track>
    <creator>ГЕГЕМОНИЯ СПИДА</creator>
  </file>
  <file name="15_-_YADERNYIJ_MEZHPROSTRANSTVENNYIJ_SAMOTYIK.ogg" source="derivative">
    <format>Ogg Vorbis</format>
    <original>15_-_YADERNYIJ_MEZHPROSTRANSTVENNYIJ_SAMOTYIK.mp3</original>
    <mtime>1457809933</mtime>
    <size>119502</size>
    <md5>0da1f62963be0653f137d94b6b8f5816</md5>
    <crc32>b989b8e3</crc32>
    <sha1>d55c3063abb115d485148fc290e1c1ed91d25c35</sha1>
    <length>11.81</length>
    <height>0</height>
    <width>0</width>
  </file>
  <file name="15_-_YADERNYIJ_MEZHPROSTRANSTVENNYIJ_SAMOTYIK.png" source="derivative">
    <format>PNG</format>
    <original>15_-_YADERNYIJ_MEZHPROSTRANSTVENNYIJ_SAMOTYIK.mp3</original>
    <mtime>1457809937</mtime>
    <size>1120</size>
    <md5>0f80da5a8c5aded4e6ce7cb922955747</md5>
    <crc32>3d8c971d</crc32>
    <sha1>fcdf62be5203dc11402cbcce4c12e2b77df45090</sha1>
  </file>
  <file name="15_-_YADERNYIJ_MEZHPROSTRANSTVENNYIJ_SAMOTYIK_esshigh.json.gz" source="derivative">
    <format>Essentia High GZ</format>
    <original>15_-_YADERNYIJ_MEZHPROSTRANSTVENNYIJ_SAMOTYIK_esslow.json.gz</original>
    <mtime>1457810297</mtime>
    <size>2069</size>
    <md5>8c5bb2eb122c7113a88a8295db5c68d5</md5>
    <crc32>78da2b01</crc32>
    <sha1>dd12974336f728649bdad24d5fcd3c07e8978394</sha1>
  </file>
  <file name="15_-_YADERNYIJ_MEZHPROSTRANSTVENNYIJ_SAMOTYIK_esslow.json.gz" source="derivative">
    <format>Essentia Low GZ</format>
    <original>15_-_YADERNYIJ_MEZHPROSTRANSTVENNYIJ_SAMOTYIK.mp3</original>
    <mtime>1457810061</mtime>
    <size>20998</size>
    <md5>595f089183f77874848fa29f4adf37ba</md5>
    <crc32>57b51795</crc32>
    <sha1>79944821d75b60bb67871f99ca589b205ecc6019</sha1>
  </file>
  <file name="15_-_YADERNYIJ_MEZHPROSTRANSTVENNYIJ_SAMOTYIK_spectrogram.png" source="derivative">
    <format>Spectrogram</format>
    <original>15_-_YADERNYIJ_MEZHPROSTRANSTVENNYIJ_SAMOTYIK.mp3</original>
    <mtime>1457810012</mtime>
    <size>302713</size>
    <md5>ff5126894ccca17796d655e317cc0924</md5>
    <crc32>0fa1fb3c</crc32>
    <sha1>5d2fafb8498b703b94e000bd7f00f0dbfbcea793</sha1>
  </file>
  <file name="KONTSENTRAT_KISLOTNOJ_ZALUPYI.jpg" source="original">
    <format>Item Image</format>
    <mtime>1457473526</mtime>
    <size>260295</size>
    <md5>e67f85d1027c55ded492d4206fec795f</md5>
    <crc32>1831e1e9</crc32>
    <sha1>31bd0f68f6a8aba2c20a8699fa2e5a10c1cd28df</sha1>
    <rotation>0</rotation>
  </file>
  <file name="KONTSENTRAT_KISLOTNOJ_ZALUPYI_thumb.jpg" source="derivative">
    <format>JPEG Thumb</format>
    <original>KONTSENTRAT_KISLOTNOJ_ZALUPYI.jpg</original>
    <mtime>1457809934</mtime>
    <size>7097</size>
    <md5>ba05db96c8ffd86fde7ff700fc73869b</md5>
    <crc32>800e4f73</crc32>
    <sha1>e0dfa1780ef3c7f71e7c1bfb239413c20149c313</sha1>
  </file>
  <file name="KONTsENTRAT_KISLOTNOJ_ZALUPY.zip" source="original">
    <format>ZIP</format>
    <mtime>1457473871</mtime>
    <size>12066690</size>
    <md5>588a258c54c8852098a1ab842c1097ab</md5>
    <crc32>9d10e9e7</crc32>
    <sha1>aee4bbb0558a67c2a441783f307187f153f9945b</sha1>
  </file>
  <file name="POPSAKAL953_archive.torrent" source="metadata">
    <btih>4d9c0afa74c4b28ed747b24827bdb77ff4b64225</btih>
    <mtime>1484077316</mtime>
    <size>25942</size>
    <md5>38f503b0471ec942378625c8f6e0845b</md5>
    <crc32>6be94541</crc32>
    <sha1>8342e3212d39e05dfb6235e746303cd68185ca2c</sha1>
    <format>Archive BitTorrent</format>
  </file>
  <file name="POPSAKAL953_files.xml" source="metadata">
    <format>Metadata</format>
    <md5>f6c696b940952bd580032437eb428960</md5>
  </file>
  <file name="POPSAKAL953_meta.xml" source="metadata">
    <format>Metadata</format>
    <mtime>1484077314</mtime>
    <size>2155</size>
    <md5>900c8f73b494bb0682465a354089f7b9</md5>
    <crc32>8d080241</crc32>
    <sha1>f26ebee17a36aaf0e399d6e09084f4f234c7da29</sha1>
  </file>
</files>
